<sales>
    <sale>
        <region>North</region>
        <employee>150</employee>
        <amount>115000</amount>
    </sale>
    <sale>
        <region>South</region>
        <employee>125</employee>
        <amount>95000</amount>
    </sale>
    <sale>
        <region>West</region>
        <employee>325</employee>
        <amount>26500</amount>
    </sale>
    <sale>
        <region>East</region>
        <employee>25</employee>
        <amount>305000</amount>
    </sale>
</sales>