<html>
<head>
	<title> Grad </title>
</head>
<body>
<canvas id='c1' width='600' height='600' style='border:1px solid black;'>
</canvas>
<script type='text/javascript'>
	var canvas=document.getElementById('c1');
	if (canvas.getContext)
	{
		var ctx=canvas.getContext('2d');
		ctx.beginPath();
		var grad=ctx.createLinearGradient(100,100,220,220);
		grad.addColorStop(0.1,'violet');
		grad.addColorStop(0.2,'indigo');
		grad.addColorStop(0.3,'blue');
		grad.addColorStop(0.4,'green');
		grad.addColorStop(0.5,'yellow');
		grad.addColorStop(0.6,'orange');
		grad.addColorStop(0.7,'red');
		ctx.font='30px Ariel';
		ctx.fillStyle=grad;
		
		
		ctx.fillText('Have a nice day!!',100,100);
		ctx.fillText('Have a nice day!!',140,140);
		ctx.fillText('Have a nice day!!',180,180);
		ctx.fillText('Have a nice day!!',220,220);
		ctx.stroke();
	}
</script>
</body>
</html>